{
  "0,0": [
    208.948853,
    -94.002922,
    177.007919,
    -179.960257,
    0.707374,
    0.413676
  ],
  "1,0": [
    208.948761,
    9.997205,
    177.007874,
    -179.960257,
    0.707374,
    0.413676
  ],
  "2,0": [
    208.94873,
    141.997025,
    177.007843,
    -179.960257,
    0.707374,
    0.413676
  ],
  "3,0": [
    208.948746,
    257.996979,
    177.007843,
    -179.960257,
    0.707374,
    0.413676
  ],
  "0,1": [
    320.94873,
    -90.003059,
    177.007858,
    -179.960257,
    0.707374,
    0.413676
  ],
  "1,1": [
    320.94873,
    13.996955,
    177.007858,
    -179.960257,
    0.707374,
    0.413676
  ],
  "2,1": [
    312.94873,
    129.996918,
    177.007858,
    -179.960257,
    0.707374,
    0.413676
  ],
  "3,1": [
    308.94873,
    253.996887,
    177.007874,
    -179.960257,
    0.707374,
    0.413676
  ],
  "0,2": [
    428.94873,
    -86.003128,
    177.007843,
    -179.960257,
    0.707374,
    0.413676
  ],
  "1,2": [
    420.94873,
    13.996891,
    177.007828,
    -179.960257,
    0.707374,
    0.413676
  ],
  "2,2": [
    428.94873,
    129.996872,
    177.007812,
    -179.960257,
    0.707374,
    0.413676
  ],
  "3,2": [
    428.94873,
    253.996857,
    181.007889,
    -179.960257,
    0.707374,
    0.413676
  ],
  "0,3": [
    520.948669,
    -82.003159,
    181.007919,
    -179.960257,
    0.707374,
    0.413676
  ],
  "1,3": [
    520.948669,
    25.996826,
    181.007996,
    -179.960257,
    0.707374,
    0.413676
  ],
  "2,3": [
    520.948669,
    137.996811,
    181.007889,
    -179.960257,
    0.707374,
    0.413676
  ],
  "3,3": [
    520.948669,
    245.996811,
    185.007889,
    -179.960257,
    0.707374,
    0.413676
  ]
}